Id,class_1,class_0
00eed32682bb,0.019502604,0.9804974
010ebe33f668,0.019502604,0.9804974
02fa521e1838,0.019502604,0.9804974
040e15f562a2,0.019502604,0.9804974
046e85c7cc7f,0.019502604,0.9804974
